id,walk_m,straight_line_m,routing_penalty_m,routing_method
08f267572e5330000319afd679bf6ed5,0.0,15.94,0.0,osmnx_same_node
08f2659a58872db50332bfe5ae096bf5,44.43,21.71,22.72,osmnx
08f44a1109358c2803c2653be159cddb,0.0,27.44,0.0,osmnx_same_node
08f489d59ab606c803517ccee128ff0f,202.18,32.98,169.2,osmnx
08f2759301db539d0356df261133ee31,25.46,19.47,5.99,osmnx
08f29a0a902565a903e695f84329a98c,0.0,21.96,0.0,osmnx_same_node
08f29a198484d5800367d470e964a245,0.0,25.28,0.0,osmnx_same_node
08f2a84cf0035135038ee0c8f795caff,39.64,20.03,19.61,osmnx
08f48e96daaeb666036938586e519141,0.0,22.09,0.0,osmnx_same_node
08f48ebaad05ca2a0347342bf096873d,12.67,28.31,0.0,osmnx
08f2a866dc4c212003926906cd56590d,19.22,25.98,0.0,osmnx
08f2668b335919ab03cf315965459f09,0.0,26.66,0.0,osmnx_same_node
08f2a98ba908c89403ed8847c6c2854b,0.0,33.65,0.0,osmnx_same_node
08f264d10e4998140334ab60d1b30387,60.12,21.4,38.72,osmnx
08f29b6c1085a4c40386bb83e738e9b1,32.05,22.04,10.01,osmnx
08f2aae6e2699792032739471653a76d,0.0,9.8,0.0,osmnx_same_node
08f2640c507a574b03f3da764f851ea1,0.0,23.83,0.0,osmnx_same_node
08f44f055bd06889038fa1dd2bc20326,10.51,26.33,0.0,osmnx
08f26cb9a59a025a03875eda2c24729d,103.24,25.63,77.61,osmnx
08f27592e5d500db03c0c18956e61e37,0.0,25.24,0.0,osmnx_same_node
08f27526d406977403c9dc45b0429797,0.0,14.94,0.0,osmnx_same_node
08f2a100aca2d984031f9b86b66205ec,6.71,20.04,0.0,osmnx
08f44a91abc03151031b488ecce7fbae,246.42,26.82,219.6,osmnx
08f2a132cb013a5c0314172d0aab2dd4,17.9,23.57,0.0,osmnx
08f283474b343a2b039e12c11ad52e45,21.18,21.02,0.16,osmnx
08f48b2a4802592803f995fb28a5e906,0.0,23.82,0.0,osmnx_same_node
08f44442a48a2d06031f93035eb8b879,63.54,22.94,40.6,osmnx
08f44a915b9a2b8c03ffbe330ff14b89,117.04,26.79,90.25,osmnx
08f444654c8ae4d80340522ac5f31879,42.1,22.94,19.16,osrm
08f26d150276eb8803465c600f2e0b2f,17.0,21.65,0.0,osrm
08f2a9301d2cc91203ace71bf04f76fc,80.8,23.64,57.16,osrm
08f44e00d874e6cd0333011f2102e015,21.1,22.56,0.0,osrm
08f2a13153d4873203e33374d2f93f73,188.6,20.31,168.29,osrm
08f44f69027a986303c2790124a948e8,0.3,22.95,0.0,osrm
08f2a907594f175e03b878253444aa06,45.6,20.35,25.25,osrm
08f2ab2d82bb295e031c0e74eeede8ae,38.9,24.96,13.94,osrm
08f2aa6ca62e8a830368caa716cb40f7,49.3,28.82,20.48,osrm
08f44a100c42b2b6032a12a98a27939d,135.7,23.82,111.88,osrm
08f275264c1acc110396d2360d5a93e9,580.9,21.58,559.32,osrm
08f2986b8a256415033922603bc80ce5,20.5,21.38,0.0,osrm
08f44cd58ea5ba2003e2a4c61e834e25,58.1,21.67,36.43,osrm
08f441a8984c8750031de056ec21f9b7,413.5,26.93,386.57,osrm
08f283445937269803b7f0fe626bd986,24.1,24.23,0.0,osrm
08f2600b0ba0623403b272c6307f6e6b,17.9,22.11,0.0,osrm
08f29a0b5d5a3b8203591ad09ed8f8b4,154.9,21.8,133.1,osrm
08f28d57047004f303ce23d54504030d,69.1,20.5,48.6,osrm
08f444d68e8e0c09032deb7ed8091c7f,22.7,25.43,0.0,osrm
08f283035a5517a803d519edc5e95aee,183.0,23.87,159.13,osrm
08f2a896491b42f003539353ee455d76,51.8,22.65,29.15,osrm
08f2659a6cd851ab033dfc9758ba99aa,21.7,24.96,0.0,osrm
08f29a56dc4a5d1603208f21309c7b1a,502.7,13.2,489.5,osrm
08f266884b4ac928031ad5e9470a362c,0.6,20.82,0.0,osrm
08f489d526acb866033f3ce68ef0173a,329.7,22.93,306.77,osrm
08f2a134cb46b25a039cb20f625b7cea,26.7,23.41,3.29,osrm
08f264d6f624a79803b185ab9731c129,92.0,21.54,70.46,osrm
08f464958688119b03539be7c82101fe,87.4,24.66,62.74,osrm
08f4455453d354c5032274fa4b957973,159.7,26.28,133.42,osrm
08f48ebb586586680383520343e0bfa5,58.8,23.34,35.46,osrm
08f44dc2051296ab03f3eaaeded531bb,18.4,21.83,0.0,osrm
08f44ccd2e31672e0310e0fac96580cf,40.3,28.14,12.16,osrm
08f29a086aa4440b03bffc7b70572f72,20.8,25.38,0.0,osrm
08f28f08aa3b2305030a44b259cc12ac,17.0,18.65,0.0,osrm
08f29a4748d0484003efd408d0883fb2,40.8,22.17,18.63,osrm
08f446dc85b6622003382c5c52a5b606,35.2,26.39,8.81,osrm
08f277151971c411034446f88b632ab7,29.0,17.76,11.24,osrm
08f26c82b3cf014c03b9097ca5f214de,14.0,25.57,0.0,osrm
08f275934d963cde03b750ccbebe3969,185.2,22.67,162.53,osrm
08f26c18ec44896c032e2c399c237cc9,139.7,24.84,114.86,osrm
08f2a107756f1b2003ea02197b5b07c1,0.2,20.1,0.0,osrm
08f274075586979203182fa7de19def0,14.4,14.89,0.0,osrm
08f2a93086c8cd3403cf2b85aa45cce3,47.3,31.6,15.7,osrm
08f26e5b1bdb4cd30397682dc7173e29,127.0,20.6,106.4,osrm
08f44dba9e1b6368036679de822806e6,2.0,21.39,0.0,osrm
08f274201caa6ac30391c36cef2cdedc,15.5,21.5,0.0,osrm
08f48e8091db000b03ce1ff1098eded1,319.6,25.76,293.84,osrm
08f2a100cac0e4f1033abefc7d8474da,106.5,23.12,83.38,osrm
08f2a134e1c9a12003fe1ba81663758f,22.3,30.17,0.0,osrm
08f2752643d0c08d0359609c74147f9b,438.2,21.57,416.63,osrm
08f276a4190c448003b89e10b0b8bf0c,17.1,18.63,0.0,osrm
08f268cce69b5a240392a67d29d8c799,20.4,20.42,0.0,osrm
08f2a13c1bdb375603e01ce745549a67,160.3,23.26,137.04,osrm
08f44e835ad8dba803e7f26b55557a98,3.0,14.35,0.0,osrm
08f2aa8cf6caa6a0036ea852de5da269,69.8,23.6,46.2,osrm
08f44ca00566cd1503cfe238e8766cc7,82.1,21.51,60.59,osrm
08f2a33d10b34d8a035e19b46e7fa75e,859.1,22.53,836.57,osrm
08f29a5493d4439e038b485c92864d79,22.5,25.4,0.0,osrm
08f44e8cc908631a031c4515674b2704,19.3,22.02,0.0,osrm
08f44dd48eca9d95039aede80a193597,98.0,24.99,73.01,osrm
08f48c612a2e4830037070942d3acffb,276.7,25.89,250.81,osrm
08f26580d692020d035face72c80f1dc,21.3,21.49,0.0,osrm
08f2ab31ad9098c00350623fdcc1f6e6,36.5,38.05,0.0,osrm
08f2832b0516d8d00328df5183e622bd,21.9,23.85,0.0,osrm
08f26c844a18ea23039e673a96dcb2be,39.7,22.17,17.53,osrm
08f264a84105b663035b3fedc120a1e5,56.1,24.77,31.33,osrm
08f2ad26a81163320360f654fe92e1e0,9.0,25.22,0.0,osrm
08f44e554c71e3340398cae2f4547f36,20.2,26.35,0.0,osrm
08f44f045418045d0387f37290811e80,22.1,22.87,0.0,osrm
08f445c0c5a1197003518bc4651a78dd,11.1,25.75,0.0,osrm
08f489c171cf5d0d03dafb592700868e,162.9,23.07,139.83,osrm
08f26caa6c0e12a1035afb141c8c1d62,23.6,23.45,0.15,osrm
08f2a10116895d1d033644bb8efe8121,615.1,19.98,595.12,osrm
08f265b4d08ae572035696647102c966,21.6,21.78,0.0,osrm
08f44a9a9e6164d5034b0eb5a448fad3,458.3,23.26,435.04,osrm
08f26c18ac69a76d0320e472283fa5bb,13.0,24.81,0.0,osrm
08f2a10118828c920352dcc44665a39b,7.2,20.0,0.0,osrm
08f2a93cf1b2189b032363043f654f98,89.5,26.18,63.32,osrm
08f264d9521a3584034b9804c32f2063,9.1,17.29,0.0,osrm
08f26c866b8b0d6e035eba6cd4248d06,0.0,22.25,0.0,osrm
08f275934d94d0160307b5ad4a508bb1,11.3,22.67,0.0,osrm
08f4416aa4b2b9400340128c0532c8bc,18.2,23.87,0.0,osrm
08f29a561208eb6003fad81e5215b86c,155.4,25.33,130.07,osrm
08f298901d31ac9c03ef9081455efdc6,20.3,20.44,0.0,osrm
08f2a8c14b52b28503ce74896dc4d631,38.9,20.9,18.0,osrm
08f2830c1b79bb6c03262b1af871a3d5,43.8,20.87,22.93,osrm
08f48e96eba12ad803ada08c43834f2f,21.1,22.11,0.0,osrm
08f44a972a198cd203f490dbeed0f60c,6.7,23.24,0.0,osrm
08f29a0306924b4003dd48de9347ab23,21.8,21.93,0.0,osrm
08f446eab014842603ba04101e1de95d,12.1,22.72,0.0,osrm
08f2a13d263614d0031e501729743b07,23.0,23.18,0.0,osrm
08f44cc2b2860ae103ffd902b843e7c9,312.7,25.03,287.67,osrm
08f26c93509857990360cded735db3fa,132.0,22.38,109.62,osrm
08f26c860395a59a03ddcbf0ee7b587f,319.2,25.58,293.62,osrm
08f266d3704eab560309b6ff63d0c46f,11.3,26.74,0.0,osrm
08f44131b6312c06031fcb474ebcad98,24.9,27.35,0.0,osrm
08f44a18533412ad030093a67a54e92f,25.6,30.56,0.0,osrm
08f2832a1e81ea4103846f688f07c327,20.3,23.77,0.0,osrm
08f2a8a4f0c9620b03436f994cf66f79,652.5,24.36,628.14,osrm
08f2a896edc6840a031a569aa43dacdf,24.6,24.71,0.0,osrm
08f2a8bb4d12250603ae8b39cc524544,234.2,21.42,212.78,osrm
08f2ad6d348d4d01039afdb22d65bfc3,537.5,31.87,505.63,osrm
08f28d54294e870c032e1e1fb41d7699,17.7,20.54,0.0,osrm
08f2a12c5c2685620330ec0bc83aa89f,2.6,22.99,0.0,osrm
08f29aeb703ac80b036339d82bdc720a,219.9,27.64,192.26,osrm
08f2af60ce3aa919033854a83736a8ea,14.2,21.14,0.0,osrm
08f268cc0074344503d0aa2af21c6330,182.2,30.3,151.9,osrm
08f48d872688856403d35c3b4f9a493a,21.2,21.53,0.0,osrm
08f44d84aa9458da03f8e5d2233a32ec,25.5,32.2,0.0,osrm
08f2aacaab7a075d03c05f23425ff2b0,262.1,20.37,241.73,osrm
08f2986b8638c5ad03f3c2fa01ca7449,516.9,24.63,492.27,osrm
08f268cd962eccda034ade79a0e06fbd,759.2,23.44,735.76,osrm
08f48c63abb16976030d9378024abeac,155.9,28.66,127.24,osrm
08f28346e6844c1e033c32a6381c3b7a,255.1,20.99,234.11,osrm
08f44a1a94104063035aa6f92d47cc1c,52.4,30.49,21.91,osrm
08f2a3054ea4bc2c0308234bfb2adf95,20.7,19.43,1.27,osrm
08f2664c8ed711b103128a69fd487288,15.6,25.25,0.0,osrm
08f2a13c0d98452a0301d98e553a57c1,13.2,20.21,0.0,osrm
08f446c36b41bd6203cc9f178f0d3d11,29.7,26.41,3.29,osrm
08f4468143b34d0d03cca189ab50c32b,5.9,32.81,0.0,osrm
08f265330356069a0319ab4542edf2a4,289.8,21.11,268.69,osrm
08f283082b4e973303b3d053ffa06452,9.2,13.92,0.0,osrm
08f2a142edcb361d03304bf6c0212950,6.6,22.92,0.0,osrm
08f44554529961a503a33f1b232cad5b,35.9,32.91,2.99,osrm
08f2642b36625bb4030ddc4dc63e51ca,14.6,20.62,0.0,osrm
08f29b69b0564b5c03c672daba5312ac,21.8,22.1,0.0,osrm
08f445622a92924903420c1b527240c9,167.7,26.32,141.38,osrm
08f44dab22c303110304a8a9a5e3dc43,4.7,24.92,0.0,osrm
08f2ad394b134370030357f8d3d100ae,21.2,21.78,0.0,osrm
08f446c2564664c003e2b89821e91a96,68.0,22.91,45.09,osrm
08f48ebb7232a79d03ff64970887c892,31.8,23.36,8.44,osrm
08f26c805d3820c203d5dcb91764c119,4.2,22.16,0.0,osrm
08f489c1ad12598603da2ca1be91a273,1371.0,26.55,1344.45,osrm
08f2752641252b0a03b8e455f3e624d0,9.0,21.58,0.0,osrm
08f283049156884903a11757e34e7552,15.3,23.88,0.0,osrm
08f2a9497677274603ecdc7d22685df9,11.6,22.83,0.0,osrm
08f26c8672a8091a03e430bbca147416,0.1,22.23,0.0,osrm
08f4880ca67032b603a0cc92e246c7ef,6.6,30.06,0.0,osrm
08f2a10755d0da1c03155a1195004543,13.2,20.11,0.0,osrm
08f44a1b9211848b0331f644abb3f566,74.6,23.84,50.76,osrm
08f264d8f059c35b03e691e9b3758c57,198.5,27.35,171.15,osrm
08f2aae28e6f241103dcbbe187c8b69b,134.4,23.56,110.84,osrm
08f2a10628215c4003bc3c3f06e84a99,21.8,23.16,0.0,osrm
08f28308f40b02dd03632475c3af8ebf,37.3,20.91,16.39,osrm
08f44490e0c939190308c05ce1195fbf,22.0,21.9,0.1,osrm
08f2a8405e24ad2d03a23560949bb14c,7.2,25.82,0.0,osrm
08f2aa87ae61d29903ac915e9d12bf0b,49.2,30.67,18.53,osrm
08f2ad6893a442890313820092da5e24,21.5,21.54,0.0,osrm
08f29124dac8236e0315093d28f5e006,44.8,21.9,22.9,osrm
08f48c63a975596803796e9a0e9092b7,219.1,25.77,193.33,osrm
08f262eb19cea0b1036fe8dc1323076f,1.4,19.01,0.0,osrm
08f2aad14ad666740370ef65b9d5f888,106.3,14.49,91.81,osrm
08f2aae2cb0320590308a28266b12616,30.1,23.61,6.49,osrm
08f2a304710a398003c25d7194d92786,90.5,24.9,65.6,osrm
08f275936c61c60403e770510fdfd613,13.2,19.68,0.0,osrm
08f2a9372849268a03133a48f2461dbb,0.0,30.57,0.0,osrm
08f2ad50248ae15d038844f44ba1d638,21.3,21.78,0.0,osrm
08f2ad50b64eb65203fdc1acfaed34ad,21.6,21.78,0.0,osrm
08f2a338f484bd340394950c1112211f,7.2,22.65,0.0,osrm
08f26567ada364b2030ed8fa9d37225b,21.7,26.37,0.0,osrm
08f29a56ce2e96e1033dbdf3c9f9851a,7.9,10.52,0.0,osrm
08f489c1702da9260387da387b8bc75a,23.0,23.07,0.0,osrm
08f489d52634302c03a26dca8bb16d7d,42.5,26.39,16.11,osrm
08f44c3a03ae5575038dd94496424dd9,14.8,21.97,0.0,osrm
08f44c3a2ad40a46031b11ab25c69184,203.8,21.97,181.83,osrm
08f441318441b42a0327110215dfab9f,18.1,25.05,0.0,osrm
08f2ad0b586b64e903e19a4ca23b651f,1.5,25.14,0.0,osrm
08f2ad03550ec761038b707d343a6f2d,21.2,21.9,0.0,osrm
08f2b8e64855057603b04cc4cf4e9a3c,10.4,19.04,0.0,osrm
08f2af293369842a03bc2e7db6661325,83.9,16.91,66.99,osrm
08f269620d3b5b5e03651884df8fe4e3,7.2,20.18,0.0,osrm
08f268cccb54c54d0377d52348621419,7.9,23.55,0.0,osrm
08f268ccf6593846036858798ec81a10,148.3,23.51,124.79,osrm
08f489c458d5bc9c0392b094d48acbb7,42.6,29.45,13.15,osrm
08f2a100d2c430f503c953f3080da956,16.1,20.07,0.0,osrm
08f2b8914812b3b60323f8dc807a49b5,31.4,19.48,11.92,osrm
08f29b6d1850a1b103ec52a03b37d9a9,21.9,21.87,0.03,osrm
08f446dd36b8b32a03ce7971405131a4,8.7,22.99,0.0,osrm
08f446c35c774b8c0371b7129f98a492,48.2,29.37,18.83,osrm
08f2a30d5a26150a0349777364b3bf51,6.7,12.87,0.0,osrm
08f2aa8ccdd28c2e031e4c9e3330f1d1,12.4,20.54,0.0,osrm
08f26ecb8951e2140303bf434d987c4b,20.7,24.32,0.0,osrm
08f279a0d2a9ace503c8225af210ef6a,9.9,18.64,0.0,osrm
08f2a3028b61c5b20326d4336f5968a9,4.1,22.57,0.0,osrm
08f2a3286a8c460603917d5a10809fea,20.6,19.42,1.18,osrm
08f44c120325b89603c19a1107767de3,25.4,25.26,0.14,osrm
08f44a13947518d603b72a395228befa,0.0,30.44,0.0,osrm
08f44c122842a0ac034887658d7beeb9,14.8,21.95,0.0,osrm
08f2a304458cb501037f69380780cad1,385.0,24.91,360.09,osrm
08f44a100b24e1a00333315b7caf4958,42.5,30.48,12.02,osrm
08f283046b76105c03d398e539d86865,33.5,20.76,12.74,osrm
08f26ddb2565628c03162af8a8c0bf22,50.2,23.18,27.02,osrm
08f489c45eca24930337a26c2913108f,68.5,26.48,42.02,osrm
08f2830881d9c4a403bed91e213c1381,13.9,20.91,0.0,osrm
08f26283a55ae216030b3788795a7481,54.1,22.24,31.86,osrm
08f28b2a9dc0d11c03dc24d11ec7cfe3,61.7,22.33,39.37,osrm
08f29a0b22cb577503ffab4bc7cd7f1d,62.6,25.37,37.23,osrm
08f2662cf098511303e9ff30fbdecaf8,20.4,20.1,0.3,osrm
08f44ae853a9ec4a030413c1cdcb4f3b,70.9,30.29,40.61,osrm
08f260d8020a6b35036a66d8a9da1475,35.5,22.79,12.71,osrm
08f2a306546c6b09033e2b8628c0a096,32.9,19.57,13.33,osrm
08f2a9070cc5346b038bf1bdb76c8dbc,3.0,20.3,0.0,osrm
08f44a184276e6a60364e66d2e3f7fd9,115.4,27.47,87.93,osrm
08f489e3548d03030368c658b146730c,40.3,18.23,22.07,osrm
08f44a8cf3a5dd70037d5eb2c246b627,23.1,23.51,0.0,osrm
08f2830bb505d61003abbd6320b93d76,16.1,20.88,0.0,osrm
08f2a13a9b6a4a2c0305cb28c7a244c2,35.9,23.44,12.46,osrm
08f283045b0eaa2503db6cc0465e89d3,20.7,20.74,0.0,osrm
08f2aacb1caa3c7303b46ea73872f5e9,45.4,23.39,22.01,osrm
08f26c860554b56803164d24388f2731,20.2,22.22,0.0,osrm
08f2ad30902cd0d803f62decc3570819,13.0,13.24,0.0,osrm
08f264ab1318032303ad234d707ae6bf,328.1,34.56,293.54,osrm
08f29a1d96db625b03b532d7bb0d90c2,70.9,25.24,45.66,osrm
08f2aae92020241803878966080d3ceb,61.8,25.88,35.92,osrm
08f26c5573530d41039eec9ad3060222,21.8,21.32,0.48,osrm
08f2912798c659a3033bd236b2c3c801,24.1,25.19,0.0,osrm
08f2aa858c02575d03761a5b6e3c2964,18.0,20.54,0.0,osrm
08f48981360c349403c80ceff2683b6b,50.0,22.83,27.17,osrm
08f44ae8e516e064032c83e9ccb7e60d,23.4,23.67,0.0,osrm
08f29b6c2eb90cd603521d634f27df00,12.8,25.38,0.0,osrm
08f489c4ed90b4e1038fbaac533c3c06,16.8,22.8,0.0,osrm
08f44d8d8dd892d203baec2b0cd7f605,14.4,25.06,0.0,osrm
08f48eb32939ac2103c112038e7160c3,639.4,28.25,611.15,osrm
08f489c85a292422038343eb5e9cb8bc,15.5,22.88,0.0,osrm
08f2ab357071dcd403f2ec08e2e48817,55.7,22.86,32.84,osrm
08f4649589d05a4003d89cadf70517a8,22.5,24.44,0.0,osrm
08f44eb1b5713a6e03840527c681f857,3.8,21.96,0.0,osrm
08f28f0334176af50374635d3a065495,12.0,18.53,0.0,osrm
08f489c0350ecc7203ca66bcacd84837,2.9,23.06,0.0,osrm
08f2a107668504de032f03ba2a65c5a8,52.0,20.1,31.9,osrm
08f29aa8598c30c8036a46cc74b69dcb,22.9,24.51,0.0,osrm
08f264b6830cb42403b9982c9b28649c,20.3,21.89,0.0,osrm
08f26cb9a5a9bb63037d9021f18928d8,19.4,22.27,0.0,osrm
08f26623aa1ad7980349f228fbc3a32d,113.7,20.08,93.62,osrm
08f2699518a2d731030d61df2fa01098,0.0,21.07,0.0,osrm
08f2832ba2b42aaa03b8347ed8e68dfa,213.8,23.83,189.97,osrm
08f26c820b29a90603e92ad23d25e4ee,1877.2,25.59,1851.61,osrm
08f446c036375536037a6e82ce706414,6478.5,26.51,6451.99,osrm
08f44d071b58a00403e9419f27fabdf5,15.7,22.27,0.0,osrm
08f298cb02d756e003246b5863f62d32,152.2,24.15,128.05,osrm
08f264158256468b031546c1ed3f394b,0.7,24.13,0.0,osrm
08f441305256450603596e4dfefc80fb,727.3,23.49,703.81,osrm
08f44a98ec5950e40387ceaf1b69f247,64.4,23.12,41.28,osrm
08f2830c2d050bb103e4a561046dc405,18.6,20.72,0.0,osrm
08f48e85636b3cea03caf2637e450f20,10.4,22.41,0.0,osrm
08f44ea494b8924c035a27c9c0c11bef,109.2,25.46,83.74,osrm
08f2a1a4b496dcd303abc27c49df82d7,8.1,20.59,0.0,osrm
08f2ad6946d62a6103808bbd2cd3c031,82.5,27.55,54.95,osrm
08f2751a1426e68d03d4e5d6c7d97144,10.6,21.59,0.0,osrm
08f264620c6d462503efe86fc222ba15,32.8,29.81,2.99,osrm
08f2a33663394cdb03140d02d45ac844,34.5,19.68,14.82,osrm
08f26c82d56f5b9303c8d5ac1586d26a,23.2,32.08,0.0,osrm
08f44c229dd00bae03e50b9f529513cb,22.3,22.08,0.22,osrm
08f48c6c6a1538dd035389c7b17be7e9,13.7,22.52,0.0,osrm
08f44e5324661ad603c10376cb1701ab,22.2,22.64,0.0,osrm
08f44a948aa292e903fed6fd7562ee63,6.2,29.79,0.0,osrm
08f264d125a25c5603bf1123a0b81781,8.7,24.6,0.0,osrm
08f2a12625269533035eb0cff3bf0df6,29.7,29.89,0.0,osrm
08f489353129d435032a643c1d04475d,16.0,22.94,0.0,osrm
08f2aaab0a12207303f870c0bea0a166,13.7,23.74,0.0,osrm
08f2a13144ad68a20337ac8051670cb1,458.6,25.99,432.61,osrm
08f274da3411c0ab03e1c67c87919b6e,9.7,19.21,0.0,osrm
08f2aa8d620c469103022824da37048a,1.9,23.56,0.0,osrm
08f446cb1339b8f0033da8b97b288bd6,15.8,23.05,0.0,osrm
08f44ca05b07189603f63fdfb6586c1b,9.4,27.47,0.0,osrm
08f264dab242055a03f56146ca04e98f,108.9,24.67,84.23,osrm
08f2651170d8562a0301771b67b63a5c,0.0,20.92,0.0,osrm
08f27436740a6af60372a666f8064280,9.6,24.39,0.0,osrm
08f28f0bb4da4c6e03b6a80c2bf24959,42.4,18.63,23.77,osrm
08f44e822e20026403f3f6f5fdcc7759,85.4,28.28,57.12,osrm
08f44ca064414308037b7fc6a4a81e4b,21.6,27.52,0.0,osrm
08f2a8464ad8a78c0345885f4ad47180,15.3,23.32,0.0,osrm
08f2b1a43679309c03dbd3be020e7a27,16.2,18.62,0.0,osrm
08f44f44e8adc34203fbe6ae002a8dff,0.5,23.09,0.0,osrm
08f44d51326a1cee03c709f6ec84b831,29.1,28.28,0.82,osrm
08f44f068155604203d67a7b45016bf7,20.6,26.23,0.0,osrm
08f441e76665b33503be371ab046b68c,156.7,23.3,133.4,osrm
08f26653a97ab63003e359ea728ee94e,18.6,23.19,0.0,osrm
08f265b4819abd4b03e0ee88ba3c1310,35.4,27.86,7.54,osrm
08f44d858ad8a8db0341c917e203406c,70.4,24.97,45.43,osrm
08f26cb92482c68603b9f92ec5d0c5fe,36.4,22.25,14.15,osrm
08f441ad446d54200323a1a9871a5d0d,209.3,26.97,182.33,osrm
08f44dab522a8ce503071d6cb1f05b30,14.3,21.61,0.0,osrm
08f2aaca4e1349150373cb3bd945a452,22.5,20.22,2.28,osrm
08f26e3891b90b45032ef877eda67ee3,20.8,24.12,0.0,osrm
08f2aa847286b130031d1110c4c0a9d5,19.0,23.69,0.0,osrm
08f44c104595533403eca0066b2cd478,15.4,22.02,0.0,osrm
08f298901a4b6d1903d27dac59203e9f,68.1,26.16,41.94,osrm
08f2ab1058c351250320b2d4605da62e,4.4,19.91,0.0,osrm
08f0c73a01822aa50370c592bc3f042b,17.8,17.76,0.04,osrm
08f2aa845cd0d733039915c6b9eb1b29,2.7,20.61,0.0,osrm
08f2884518641b7303b3138b48c9b3d3,25.6,26.99,0.0,osrm
08f29add424d584403deaa1c1b3ff107,377.9,21.66,356.24,osrm
08f291a68607550c032e6ec32b2ba169,31.3,24.51,6.79,osrm
08f2a16605c8e0a103307477f3ff27fc,117.1,19.66,97.44,osrm
08f2a8444e55e36b03a9f0b1d4f1aab9,8.7,23.18,0.0,osrm
08f2a9569d5948d10336d010eb0d7c69,20.3,20.31,0.0,osrm
08f26960656c6694038f637ccc8bfd55,11.5,23.11,0.0,osrm
08f2a8626e3946ab03b8d3b318dd1120,18.5,20.12,0.0,osrm
08f26ae79276aba40313ff83a6670dc2,11.9,22.95,0.0,osrm
08f26927718a557303181d9de1abc2ae,24.1,23.57,0.53,osrm
08f2a9626b79b10803952d2762ce8b01,20.0,20.16,0.0,osrm
08f2659a0cc6590803dd941c90df1da4,71.7,35.84,35.86,osrm
08f260c144a4e11403517bb9308e2e4f,18.3,19.66,0.0,osrm
08f44c88ac35270b03eb87a56ebf246c,11.8,21.65,0.0,osrm
08f2a306e5c1a84d03d76847488b5ca6,43.1,22.52,20.58,osrm
08f2a9ecc0598818037399796c6ff9a1,68.4,23.82,44.58,osrm
08f2a10a71a9d123037277fe185c6977,18.6,19.91,0.0,osrm
08f2aac1968c52b103e65413b61afb23,41.7,23.34,18.36,osrm
08f2b99a60a61af603c2dac5a761bbb5,67.8,19.11,48.69,osrm
08f26a23b68ce9ac039c14ba0034ee94,16.8,22.46,0.0,osrm
08f2a16a2d3a516203948095e0ec75da,65.3,19.8,45.5,osrm
08f2a14255ba90f5034ab52b6d5f806a,44.0,22.91,21.09,osrm
08f2aaa78451824903e1d237d3e5da5d,143.0,20.47,122.53,osrm
08f26cbd56b768ce03842e24c557e8df,8.1,25.66,0.0,osrm
08f265ed10cf6006031caf57097c0bb2,0.5,20.91,0.0,osrm
08f2759b8e2b68a0038afede5a9bd67c,17.8,22.53,0.0,osrm
08f2664ca6a81949033c8340df53688f,7.6,22.67,0.0,osrm
08f2640c906088280346d2365a0f0538,396.6,15.28,381.32,osrm
08f2a1482478cb64037a0d0c7d6c41ef,10.4,25.16,0.0,osrm
08f2aa85992aa55b03c1bebc5b936a34,25.7,23.65,2.05,osrm
08f2a9811a2d6a860356d7f4630de064,3.6,20.77,0.0,osrm
08f489c0a35ab63203e9b0cd0f7c2d30,140.5,74.77,65.73,osrm
08f264d10612b70903be5018ce638a38,24.6,24.61,0.0,osrm
08f44d075a9a3658036bc19f809d154f,27.8,28.05,0.0,osrm
08f2a106326a20db0334caa09472fe9b,13.8,20.1,0.0,osrm
08f444d7121a600a03f700901254f636,26.6,21.95,4.65,osrm
08f28c20cb65a8a103a1a39dc2feb781,17.4,17.53,0.0,osrm
08f444dae33b035b0391b3685a4ccc62,0.2,22.18,0.0,osrm
08f44dc19859d59503364149e1e1079e,12.2,21.74,0.0,osrm
08f2995775b01ba5035873156468b51a,37.7,21.12,16.58,osrm
08f264635c64c06003513bc6fc0835a1,28.8,26.46,2.34,osrm
08f44ad8c68507a8037735bc77ec3f05,21.8,23.34,0.0,osrm
08f2aa4b2cc11b5303ac1aa341ea05f1,14.2,19.31,0.0,osrm
08f44ae90e74862c038d556f008a26ee,40.3,23.49,16.81,osrm
08f268cd19c168ea03bf22a91ee837c6,117.1,20.37,96.73,osrm
08f29a4c5bd6845e03ce47d467a58886,25.7,25.67,0.03,osrm
08f2ad319c8f511203b277701fa7b522,30.4,30.84,0.0,osrm
08f44c166388d99403e215ae8ba0fa97,399.9,25.25,374.65,osrm
08f2ab2c9038e406038a64c3d19d7038,54.1,22.49,31.61,osrm
08f268004155614903293b6d5507d2a8,17.5,23.19,0.0,osrm
08f2680041549ca803b172e92396c2ef,113.2,19.97,93.23,osrm
08f2a3332bb2a42e0316ca026a391d1b,19.6,19.84,0.0,osrm
08f28d42c96a800403254a64a408c356,17.9,17.7,0.2,osrm
08f44a1bb0b32b6803ed387b42ea2a57,23.1,23.85,0.0,osrm
08f489562c40cc9e031a6145e6b8090b,17.6,23.16,0.0,osrm
08f26c80d819c9560334d52669860a72,642.1,22.18,619.92,osrm
08f279b03339454003cf217e4fa63784,0.2,18.76,0.0,osrm
08f2621b717ad2d103c3bf4d4cfc73c9,2.9,18.67,0.0,osrm
08f44a13b1554d5203539312db41f121,13.9,27.37,0.0,osrm
08f2a8a49090ec5d031c3f8ecab7449f,19.6,20.95,0.0,osrm
08f2830828c350c5035558518dd31dfd,0.0,26.81,0.0,osrm
08f48e854563625603ca7625b331449e,32.5,25.79,6.71,osrm
08f29a41a52b51350394dd4a841384bf,34.9,25.66,9.24,osrm
08f266ddac22bad803f4cb082276e7ef,13.0,29.79,0.0,osrm
08f28d5c1ca5ac8e03a76327e1c6c641,26.0,17.79,8.21,osrm
08f44cc51154ab0603168d49b5cad61e,1073.4,28.03,1045.37,osrm
08f268c6e426b2ec03481f4dbbc3f221,20.6,20.63,0.0,osrm
08f28d58e183371503fa920aa1366978,26.0,17.98,8.02,osrm
08f29ad198950d22031f5de0927e05d3,3.0,21.37,0.0,osrm
08f269c11c61e80e034c2181f14ab957,12.2,23.66,0.0,osrm
08f44a11198c2d5003a0f5df3291c81b,23.2,23.85,0.0,osrm
08f28f015eb48c86033c3b1d24c471fb,8.6,18.57,0.0,osrm
08f2a91b84225d86038298dd6585fbb4,7.4,20.28,0.0,osrm
08f44ac0460b5d2003d7add03232a378,41.3,23.65,17.65,osrm
